{
  "overall_metrics": {
    "accuracy": 80.18867924528303,
    "precision": 79.4478527607362,
    "recall": 87.20538720538721,
    "f1_score": 83.14606741573033,
    "specificity": 71.24463519313305,
    "cohen_kappa": 0.5924450368374029,
    "counts": {
      "tp": 259,
      "tn": 166,
      "fp": 67,
      "fn": 38,
      "total_comparable": 530,
      "correct": 425
    }
  },
  "main_body_metrics": {
    "accuracy": 80.73170731707317,
    "precision": 84.04669260700389,
    "recall": 85.03937007874016,
    "f1_score": 84.54011741682976,
    "specificity": 73.71794871794873,
    "cohen_kappa": 0.5897611267320213,
    "counts": {
      "tp": 216,
      "tn": 115,
      "fp": 41,
      "fn": 38,
      "total_comparable": 410,
      "correct": 331
    }
  },
  "abstract_metrics": {
    "accuracy": 78.33333333333333,
    "precision": 62.31884057971014,
    "recall": 100.0,
    "f1_score": 76.78571428571428,
    "specificity": 66.23376623376623,
    "cohen_kappa": 0.5843325339728217,
    "counts": {
      "tp": 43,
      "tn": 51,
      "fp": 26,
      "fn": 0,
      "total_comparable": 120,
      "correct": 94
    }
  },
  "item_specific_metrics": {
    "main_1": {
      "accuracy": 60.0,
      "precision": 83.33333333333334,
      "recall": 62.5,
      "f1_score": 71.42857142857143,
      "specificity": 50.0,
      "cohen_kappa": 0.09090909090909075,
      "counts": {
        "tp": 5,
        "tn": 1,
        "fp": 1,
        "fn": 3,
        "total_comparable": 10,
        "correct": 6
      }
    },
    "main_3": {
      "accuracy": 100.0,
      "precision": 100.0,
      "recall": 100.0,
      "f1_score": 100.0,
      "specificity": 0.0,
      "cohen_kappa": 0.0,
      "counts": {
        "tp": 10,
        "tn": 0,
        "fp": 0,
        "fn": 0,
        "total_comparable": 10,
        "correct": 10
      }
    },
    "main_4": {
      "accuracy": 100.0,
      "precision": 100.0,
      "recall": 100.0,
      "f1_score": 100.0,
      "specificity": 0.0,
      "cohen_kappa": 0.0,
      "counts": {
        "tp": 10,
        "tn": 0,
        "fp": 0,
        "fn": 0,
        "total_comparable": 10,
        "correct": 10
      }
    },
    "main_5": {
      "accuracy": 70.0,
      "precision": 87.5,
      "recall": 77.77777777777779,
      "f1_score": 82.3529411764706,
      "specificity": 0.0,
      "cohen_kappa": -0.15384615384615447,
      "counts": {
        "tp": 7,
        "tn": 0,
        "fp": 1,
        "fn": 2,
        "total_comparable": 10,
        "correct": 7
      }
    },
    "main_6": {
      "accuracy": 80.0,
      "precision": 71.42857142857143,
      "recall": 100.0,
      "f1_score": 83.33333333333333,
      "specificity": 60.0,
      "cohen_kappa": 0.6000000000000001,
      "counts": {
        "tp": 5,
        "tn": 3,
        "fp": 2,
        "fn": 0,
        "total_comparable": 10,
        "correct": 8
      }
    },
    "main_7": {
      "accuracy": 100.0,
      "precision": 100.0,
      "recall": 100.0,
      "f1_score": 100.0,
      "specificity": 100.0,
      "cohen_kappa": 1.0,
      "counts": {
        "tp": 4,
        "tn": 6,
        "fp": 0,
        "fn": 0,
        "total_comparable": 10,
        "correct": 10
      }
    },
    "main_8": {
      "accuracy": 80.0,
      "precision": 83.33333333333334,
      "recall": 83.33333333333334,
      "f1_score": 83.33333333333334,
      "specificity": 75.0,
      "cohen_kappa": 0.5833333333333334,
      "counts": {
        "tp": 5,
        "tn": 3,
        "fp": 1,
        "fn": 1,
        "total_comparable": 10,
        "correct": 8
      }
    },
    "main_9": {
      "accuracy": 90.0,
      "precision": 85.71428571428571,
      "recall": 100.0,
      "f1_score": 92.3076923076923,
      "specificity": 75.0,
      "cohen_kappa": 0.782608695652174,
      "counts": {
        "tp": 6,
        "tn": 3,
        "fp": 1,
        "fn": 0,
        "total_comparable": 10,
        "correct": 9
      }
    },
    "main_10a": {
      "accuracy": 40.0,
      "precision": 0.0,
      "recall": 0.0,
      "f1_score": 0.0,
      "specificity": 80.0,
      "cohen_kappa": -0.19999999999999996,
      "counts": {
        "tp": 0,
        "tn": 4,
        "fp": 1,
        "fn": 5,
        "total_comparable": 10,
        "correct": 4
      }
    },
    "main_10b": {
      "accuracy": 70.0,
      "precision": 0.0,
      "recall": 0.0,
      "f1_score": 0.0,
      "specificity": 87.5,
      "cohen_kappa": -0.15384615384615447,
      "counts": {
        "tp": 0,
        "tn": 7,
        "fp": 1,
        "fn": 2,
        "total_comparable": 10,
        "correct": 7
      }
    },
    "main_11": {
      "accuracy": 100.0,
      "precision": 100.0,
      "recall": 100.0,
      "f1_score": 100.0,
      "specificity": 100.0,
      "cohen_kappa": 1.0,
      "counts": {
        "tp": 3,
        "tn": 7,
        "fp": 0,
        "fn": 0,
        "total_comparable": 10,
        "correct": 10
      }
    },
    "main_12": {
      "accuracy": 90.0,
      "precision": 90.0,
      "recall": 100.0,
      "f1_score": 94.73684210526316,
      "specificity": 0.0,
      "cohen_kappa": 0.0,
      "counts": {
        "tp": 9,
        "tn": 0,
        "fp": 1,
        "fn": 0,
        "total_comparable": 10,
        "correct": 9
      }
    },
    "main_13a": {
      "accuracy": 50.0,
      "precision": 100.0,
      "recall": 50.0,
      "f1_score": 66.66666666666666,
      "specificity": 0.0,
      "cohen_kappa": 0.0,
      "counts": {
        "tp": 5,
        "tn": 0,
        "fp": 0,
        "fn": 5,
        "total_comparable": 10,
        "correct": 5
      }
    },
    "main_13b": {
      "accuracy": 90.0,
      "precision": 75.0,
      "recall": 100.0,
      "f1_score": 85.71428571428571,
      "specificity": 85.71428571428571,
      "cohen_kappa": 0.782608695652174,
      "counts": {
        "tp": 3,
        "tn": 6,
        "fp": 1,
        "fn": 0,
        "total_comparable": 10,
        "correct": 9
      }
    },
    "main_13c": {
      "accuracy": 40.0,
      "precision": 25.0,
      "recall": 100.0,
      "f1_score": 40.0,
      "specificity": 25.0,
      "cohen_kappa": 0.11764705882352937,
      "counts": {
        "tp": 2,
        "tn": 2,
        "fp": 6,
        "fn": 0,
        "total_comparable": 10,
        "correct": 4
      }
    },
    "main_13d": {
      "accuracy": 60.0,
      "precision": 55.55555555555556,
      "recall": 100.0,
      "f1_score": 71.42857142857143,
      "specificity": 20.0,
      "cohen_kappa": 0.19999999999999996,
      "counts": {
        "tp": 5,
        "tn": 1,
        "fp": 4,
        "fn": 0,
        "total_comparable": 10,
        "correct": 6
      }
    },
    "main_13e": {
      "accuracy": 80.0,
      "precision": 60.0,
      "recall": 100.0,
      "f1_score": 74.99999999999999,
      "specificity": 71.42857142857143,
      "cohen_kappa": 0.6000000000000001,
      "counts": {
        "tp": 3,
        "tn": 5,
        "fp": 2,
        "fn": 0,
        "total_comparable": 10,
        "correct": 8
      }
    },
    "main_13f": {
      "accuracy": 70.0,
      "precision": 57.14285714285714,
      "recall": 100.0,
      "f1_score": 72.72727272727273,
      "specificity": 50.0,
      "cohen_kappa": 0.4444444444444444,
      "counts": {
        "tp": 4,
        "tn": 3,
        "fp": 3,
        "fn": 0,
        "total_comparable": 10,
        "correct": 7
      }
    },
    "main_14": {
      "accuracy": 100.0,
      "precision": 100.0,
      "recall": 100.0,
      "f1_score": 100.0,
      "specificity": 100.0,
      "cohen_kappa": 1.0,
      "counts": {
        "tp": 6,
        "tn": 4,
        "fp": 0,
        "fn": 0,
        "total_comparable": 10,
        "correct": 10
      }
    },
    "main_15": {
      "accuracy": 100.0,
      "precision": 100.0,
      "recall": 100.0,
      "f1_score": 100.0,
      "specificity": 100.0,
      "cohen_kappa": 1.0,
      "counts": {
        "tp": 1,
        "tn": 9,
        "fp": 0,
        "fn": 0,